16582064,Quang huy ,05/07/1999,Male,0788665587,dghf,Excellent
16582131,Quoc Thang,05/11/2002,Private,skufhgsku,kjfugskf,Excellent
16582133,la la la ,07/08/1999,male,0987654321,skufghskuhks,Very good
16582135,Quoc hung,19/02/2001,fimale,0986745231,akfgskuf,Good
16582136,Bin Nguyen,22/02/2002,sfsf,0788665588,sfsfsf,Very good
16582257,lung linh ,17/05/2005,sdkfhsk,0981232323,selfihseilf,Excellent
16582262,le hung ,akfhsk ,Male,0981234565,sflihs,Excellent
16587190,Nguyen thi t,07/08/2016,Male,0981764576,skhfksf,Excellent
16589724,Le Van D,19/02/1996,Female,0312121243,hflsilsjf,Excellent
16595122,sdflihslif,12/07/1999,Male,0712123232,Viet Nam,Excellent
